{"train/loss": 0.1037, "train/learning_rate": 6.211180124223603e-08, "train/epoch": 3.0, "train/global_step": 9660, "_timestamp": 1709696087.2849014, "_runtime": 9025.01351737976, "_step": 966, "train/train_runtime": 9028.4068, "train/train_samples_per_second": 2.14, "train/train_steps_per_second": 1.07, "train/total_flos": 3.72014360395776e+17, "train/train_loss": 0.4027132742646812}