{"train/loss": 0.1349, "train/learning_rate": 5.175983436853003e-08, "train/epoch": 3.0, "train/global_step": 9660, "_timestamp": 1709624790.7157001, "_runtime": 10379.763032197952, "_step": 966, "train/train_runtime": 10381.8565, "train/train_samples_per_second": 1.861, "train/train_steps_per_second": 0.93, "train/total_flos": 8.105800010563584e+16, "train/train_loss": 0.4161348716195819}