eeg_id,seizure_vote,lpd_vote,gpd_vote,lrda_vote,grda_vote,other_vote
3911565283,0.047576204,0.03228768,0.0012570659,0.11270802,0.10592599,0.700245
