{"train/loss": 1.3128, "train/learning_rate": 2.6000000000000002e-05, "train/epoch": 0.01, "train/global_step": 40, "_timestamp": 1709626907.9567795, "_runtime": 79.55883646011353, "_step": 3}