{"train/loss": 0.9884, "train/learning_rate": 9.609730848861284e-05, "train/epoch": 0.12, "train/global_step": 380, "_timestamp": 1709614310.4837124, "_runtime": 420.44142031669617, "_step": 37}