essay_id,score
000d118,2.9913626
000fe60,3.0068352
001ab80,4.0231557
